{
	"name": "Spell caster",
	"version": "1.0.0.0",
	"description": "A simple top-down game example based on the Construct tutorial.",
	"id": "net.construct.spellcaster",
	"unique-id": "9n7texe2xl6",
	"viewport-width": 640,
	"viewport-height": 480,
	"author": "Scirra",
	"email": "",
	"website": "https://www.construct.net",
	"orientations": "any",
	"c2version": "244",
	"c3version": "r424.2",
	"ife": true,
	"used-plugins": [
		"TiledBg",
		"Sprite",
		"Mouse",
		"Text",
		"Keyboard",
		"Camera3D",
		"TextBox",
		"Button",
		"AJAX"
	],
	"used-behaviors": [
		"EightDir",
		"bound",
		"scrollto",
		"destroy",
		"Bullet",
		"Fade"
	]
}